user_id,gender,age
0,GER,23
1,IND,23
2,IND,43
3,GER,22
4,JPN,47
5,GER,52
6,GER,46
7,GBR,59
8,JPN,22
9,CHN,30
10,GER,29
11,RUS,45
12,USA,49
13,IND,63
14,CHN,33
15,GBR,44
16,GER,41
17,RUS,55
18,GER,34
19,GER,19
20,IND,41
21,JPN,55
22,USA,36
23,FRA,26
24,FRA,23
25,FRA,18
26,FRA,28
27,CHN,30
28,IND,23
29,GER,47
30,IND,30
31,CHN,52
32,GER,58
33,FRA,19
34,CHN,51
35,IND,62
36,FRA,48
37,IND,54
38,FRA,61
39,CHN,42
40,RUS,60
41,RUS,34
42,GER,63
43,RUS,28
44,JPN,44
45,USA,35
46,USA,35
47,FRA,57
48,RUS,20
49,IND,29
50,USA,24
51,CHN,56
52,CHN,34
53,RUS,64
54,RUS,45
55,GER,41
56,RUS,59
57,GBR,44
58,CHN,54
59,GBR,22
60,JPN,30
61,FRA,26
62,IND,35
63,RUS,38
64,GBR,20
65,USA,61
66,RUS,32
67,GBR,31
68,JPN,36
69,GBR,43
70,USA,26
71,CHN,60
72,JPN,47
73,CHN,60
74,GER,45
75,USA,54
76,CHN,65
77,USA,33
78,GBR,53
79,FRA,34
80,RUS,40
81,GBR,30
82,CHN,41
83,RUS,28
84,IND,18
85,JPN,32
86,GER,39
87,GBR,44
88,GBR,30
89,USA,62
90,RUS,24
91,IND,42
92,CHN,62
93,CHN,61
94,IND,62
95,JPN,22
96,RUS,30
97,CHN,44
98,CHN,25
99,USA,41
100,FRA,29
101,JPN,49
102,USA,32
103,FRA,41
104,JPN,52
105,USA,31
106,FRA,21
107,USA,42
108,IND,23
109,GBR,64
110,FRA,36
111,RUS,47
112,CHN,22
113,GBR,27
114,CHN,52
115,GER,18
116,FRA,41
117,RUS,54
118,FRA,20
119,IND,18
120,FRA,19
121,RUS,49
122,GER,21
123,IND,51
124,IND,44
125,GBR,53
126,GBR,63
127,GBR,29
128,JPN,45
129,GBR,43
130,USA,46
131,CHN,24
132,USA,45
133,GBR,38
134,RUS,35
135,GBR,35
136,GER,31
137,FRA,52
138,IND,27
139,IND,46
140,JPN,61
141,RUS,37
142,IND,34
143,CHN,38
144,GBR,35
145,RUS,43
146,USA,20
147,RUS,34
148,IND,46
149,USA,28
150,GBR,41
151,GBR,41
152,GER,47
153,GER,51
154,RUS,47
155,IND,32
156,FRA,59
157,IND,56
158,FRA,61
159,CHN,34
160,GBR,22
161,FRA,58
162,JPN,52
163,GER,59
164,JPN,36
165,GBR,59
166,IND,64
167,CHN,49
168,IND,36
169,USA,45
170,CHN,53
171,JPN,29
172,GBR,35
173,FRA,44
174,JPN,49
175,FRA,37
176,GBR,24
177,GBR,56
178,CHN,63
179,USA,18
180,GBR,28
181,CHN,24
182,RUS,42
183,CHN,31
184,USA,45
185,JPN,23
186,USA,65
187,GER,63
188,FRA,34
189,GBR,43
190,CHN,38
191,CHN,52
192,USA,18
193,IND,30
194,JPN,59
195,GER,40
196,IND,33
197,USA,36
198,RUS,18
199,JPN,33
200,CHN,51
201,FRA,61
202,GBR,40
203,CHN,38
204,RUS,20
205,CHN,63
206,RUS,52
207,JPN,32
208,IND,41
209,FRA,22
210,RUS,51
211,RUS,36
212,IND,45
213,USA,48
214,JPN,31
215,GBR,59
216,USA,52
217,FRA,46
218,FRA,37
219,CHN,60
220,CHN,61
221,JPN,57
222,GER,49
223,JPN,25
224,CHN,18
225,USA,58
226,GER,63
227,RUS,58
228,CHN,34
229,IND,32
230,GBR,65
231,GER,22
232,FRA,49
233,IND,45
234,IND,62
235,RUS,20
236,GBR,48
237,JPN,31
238,IND,62
239,IND,38
240,CHN,21
241,CHN,38
242,CHN,31
243,RUS,54
244,CHN,47
245,FRA,57
246,IND,20
247,CHN,37
248,GER,26
249,GBR,64
250,IND,37
251,JPN,32
252,GER,22
253,FRA,55
254,GER,20
255,GBR,35
256,CHN,30
257,FRA,30
258,FRA,62
259,JPN,40
260,GBR,39
261,GBR,34
262,USA,54
263,USA,35
264,CHN,64
265,JPN,52
266,USA,39
267,CHN,32
268,RUS,39
269,USA,33
270,JPN,23
271,JPN,54
272,GBR,62
273,RUS,29
274,FRA,63
275,JPN,54
276,RUS,48
277,USA,18
278,CHN,26
279,GBR,59
280,GBR,20
281,GER,48
282,IND,64
283,CHN,61
284,JPN,29
285,GER,50
286,JPN,53
287,JPN,25
288,CHN,25
289,CHN,30
290,CHN,43
291,IND,64
292,IND,48
293,USA,34
294,JPN,63
295,GER,43
296,FRA,58
297,CHN,65
298,JPN,21
299,GBR,29
300,JPN,49
301,IND,45
302,IND,27
303,GBR,19
304,RUS,48
305,GER,23
306,CHN,27
307,GBR,58
308,USA,21
309,JPN,56
310,IND,40
311,FRA,63
312,GBR,54
313,CHN,42
314,CHN,39
315,GER,41
316,USA,55
317,FRA,41
318,IND,49
319,RUS,55
320,FRA,58
321,USA,55
322,RUS,52
323,IND,19
324,USA,20
325,FRA,37
326,GBR,53
327,IND,60
328,USA,58
329,GBR,53
330,IND,43
331,IND,54
332,CHN,50
333,FRA,37
334,RUS,64
335,CHN,32
336,CHN,46
337,CHN,54
338,JPN,27
339,IND,40
340,CHN,50
341,RUS,24
342,GBR,27
343,FRA,48
344,RUS,48
345,GER,65
346,USA,28
347,CHN,65
348,GBR,59
349,GER,31
350,GBR,61
351,GER,54
352,RUS,62
353,IND,62
354,USA,19
355,FRA,30
356,RUS,46
357,GBR,54
358,GER,22
359,GBR,39
360,JPN,43
361,RUS,32
362,IND,42
363,FRA,30
364,USA,53
365,RUS,53
366,CHN,64
367,RUS,54
368,JPN,65
369,USA,32
370,JPN,19
371,JPN,29
372,FRA,49
373,GER,43
374,IND,34
375,GBR,59
376,GBR,44
377,RUS,47
378,USA,40
379,RUS,19
380,USA,44
381,GBR,40
382,CHN,61
383,USA,38
384,RUS,37
385,RUS,63
386,IND,63
387,USA,41
388,USA,62
389,IND,43
390,IND,21
391,GBR,58
392,USA,18
393,USA,25
394,JPN,65
395,CHN,29
396,FRA,63
397,USA,59
398,IND,44
399,JPN,48
400,USA,53
401,IND,64
402,JPN,44
403,JPN,51
404,RUS,21
405,IND,34
406,RUS,41
407,RUS,27
408,FRA,42
409,JPN,27
410,GER,28
411,CHN,22
412,USA,38
413,GBR,52
414,RUS,29
415,CHN,37
416,JPN,52
417,IND,21
418,USA,39
419,GBR,61
420,JPN,39
421,FRA,60
422,GER,32
423,IND,61
424,JPN,39
425,IND,49
426,GBR,50
427,USA,39
428,GER,55
429,JPN,38
430,IND,59
431,USA,39
432,IND,32
433,FRA,54
434,JPN,41
435,CHN,30
436,GBR,60
437,JPN,23
438,JPN,19
439,JPN,61
440,FRA,38
441,GER,42
442,IND,37
443,GBR,20
444,GER,29
445,USA,57
446,USA,47
447,GBR,31
448,IND,61
449,FRA,34
450,RUS,25
451,IND,21
452,IND,31
453,JPN,63
454,CHN,46
455,GBR,28
456,RUS,60
457,RUS,48
458,GER,46
459,CHN,60
460,GBR,42
461,USA,45
462,CHN,56
463,IND,62
464,GER,56
465,JPN,25
466,USA,43
467,FRA,58
468,JPN,45
469,GBR,28
470,GER,56
471,USA,28
472,JPN,59
473,GER,60
474,USA,43
475,IND,24
476,RUS,25
477,GER,49
478,IND,38
479,CHN,64
480,USA,40
481,RUS,36
482,RUS,22
483,GER,25
484,GBR,48
485,GBR,59
486,CHN,52
487,RUS,62
488,FRA,30
489,RUS,43
490,IND,54
491,FRA,62
492,FRA,54
493,RUS,34
494,IND,22
495,GER,35
496,GER,50
497,FRA,27
498,FRA,52
499,RUS,47
500,USA,50
501,CHN,61
502,GBR,33
503,RUS,60
504,USA,63
505,CHN,42
506,JPN,39
507,JPN,42
508,USA,32
509,CHN,36
510,JPN,30
511,GER,31
512,FRA,63
513,USA,37
514,IND,33
515,CHN,55
516,RUS,53
517,JPN,36
518,CHN,51
519,JPN,44
520,GBR,49
521,JPN,22
522,GER,64
523,GER,55
524,CHN,63
525,GBR,48
526,GER,54
527,RUS,31
528,RUS,32
529,IND,60
530,IND,32
531,GBR,60
532,IND,44
533,GBR,32
534,CHN,51
535,JPN,50
536,GBR,28
537,USA,65
538,RUS,21
539,GER,37
540,JPN,58
541,USA,58
542,JPN,31
543,USA,25
544,JPN,30
545,IND,18
546,GBR,61
547,RUS,38
548,GER,21
549,CHN,35
550,GER,60
551,IND,48
552,USA,42
553,IND,32
554,GER,58
555,GBR,31
556,IND,54
557,GBR,48
558,GER,41
559,IND,63
560,FRA,43
561,GER,42
562,JPN,31
563,FRA,38
564,CHN,31
565,IND,37
566,RUS,31
567,RUS,49
568,USA,59
569,RUS,64
570,USA,18
571,CHN,32
572,CHN,21
573,RUS,20
574,GER,51
575,GBR,32
576,CHN,40
577,GBR,57
578,FRA,53
579,IND,56
580,GBR,27
581,JPN,50
582,RUS,35
583,IND,57
584,FRA,42
585,GER,61
586,USA,37
587,RUS,55
588,USA,52
589,JPN,25
590,CHN,19
591,GER,50
592,GER,34
593,IND,36
594,GER,53
595,CHN,52
596,JPN,21
597,FRA,41
598,GER,39
599,GBR,57
600,GBR,34
601,JPN,60
602,GBR,56
603,USA,26
604,USA,45
605,CHN,65
606,USA,61
607,USA,43
608,CHN,31
609,USA,44
610,FRA,42
611,USA,62
612,GER,55
613,CHN,41
614,USA,63
615,USA,31
616,USA,36
617,RUS,47
618,RUS,20
619,FRA,32
620,IND,63
621,FRA,20
622,RUS,29
623,FRA,53
624,JPN,56
625,IND,63
626,USA,46
627,USA,37
628,JPN,61
629,JPN,50
630,GER,25
631,GBR,63
632,IND,20
633,GBR,58
634,JPN,31
635,GER,53
636,CHN,52
637,RUS,56
638,USA,33
639,JPN,37
640,IND,34
641,CHN,27
642,GBR,47
643,CHN,31
644,CHN,27
645,JPN,61
646,RUS,26
647,USA,46
648,GER,40
649,IND,43
650,CHN,37
651,USA,29
652,IND,61
653,CHN,55
654,RUS,53
655,RUS,36
656,IND,23
657,JPN,38
658,RUS,42
659,GBR,34
660,FRA,35
661,GBR,38
662,RUS,41
663,IND,53
664,RUS,60
665,IND,25
666,IND,47
667,IND,64
668,FRA,62
669,CHN,59
670,USA,44
671,CHN,23
672,RUS,39
673,RUS,23
674,CHN,45
675,JPN,27
676,RUS,35
677,GBR,63
678,IND,60
679,FRA,37
680,CHN,43
681,RUS,49
682,USA,41
683,RUS,52
684,IND,24
685,GER,36
686,IND,42
687,IND,65
688,GBR,64
689,FRA,52
690,GER,48
691,IND,49
692,CHN,34
693,GBR,61
694,GER,45
695,FRA,65
696,FRA,56
697,GBR,57
698,GBR,50
699,USA,60
700,JPN,47
701,GER,22
702,JPN,36
703,GER,59
704,RUS,46
705,JPN,48
706,GBR,39
707,CHN,38
708,GBR,36
709,JPN,49
710,IND,48
711,JPN,37
712,USA,28
713,JPN,28
714,GBR,55
715,FRA,48
716,GBR,26
717,RUS,18
718,USA,46
719,USA,42
720,JPN,41
721,FRA,33
722,RUS,39
723,USA,61
724,USA,19
725,USA,32
726,GBR,30
727,JPN,42
728,GBR,25
729,JPN,56
730,GER,32
731,JPN,37
732,GER,23
733,CHN,22
734,CHN,18
735,JPN,34
736,IND,61
737,GBR,29
738,GBR,36
739,RUS,32
740,RUS,25
741,CHN,21
742,GER,19
743,USA,57
744,JPN,62
745,CHN,35
746,IND,41
747,RUS,27
748,USA,38
749,JPN,31
750,JPN,35
751,GER,56
752,IND,56
753,CHN,28
754,CHN,57
755,IND,43
756,IND,61
757,IND,26
758,CHN,26
759,CHN,18
760,RUS,40
761,JPN,49
762,CHN,47
763,CHN,59
764,JPN,48
765,RUS,54
766,RUS,29
767,GER,47
768,GBR,24
769,IND,44
770,USA,25
771,GER,25
772,FRA,29
773,IND,42
774,JPN,61
775,FRA,42
776,JPN,21
777,IND,21
778,GBR,19
779,JPN,39
780,JPN,43
781,USA,58
782,FRA,56
783,JPN,23
784,JPN,36
785,GBR,34
786,CHN,37
787,IND,29
788,GER,40
789,USA,19
790,GER,23
791,CHN,43
792,GER,52
793,GER,53
794,IND,20
795,GER,59
796,GBR,48
797,IND,24
798,GER,20
799,CHN,27
800,GBR,36
801,USA,45
802,USA,43
803,CHN,43
804,CHN,29
805,USA,43
806,FRA,53
807,GER,45
808,RUS,57
809,RUS,23
810,CHN,37
811,JPN,59
812,JPN,32
813,IND,54
814,JPN,53
815,GBR,64
816,JPN,45
817,CHN,54
818,JPN,43
819,GER,37
820,CHN,19
821,GER,35
822,GER,26
823,GER,42
824,IND,33
825,JPN,33
826,JPN,32
827,JPN,51
828,USA,33
829,USA,36
830,USA,62
831,USA,39
832,USA,55
833,USA,42
834,GBR,28
835,IND,36
836,USA,25
837,RUS,63
838,USA,62
839,CHN,18
840,RUS,48
841,GER,42
842,GBR,49
843,FRA,19
844,USA,60
845,GER,65
846,GBR,58
847,FRA,22
848,CHN,47
849,JPN,56
850,CHN,22
851,CHN,29
852,GBR,21
853,IND,34
854,JPN,24
855,GBR,40
856,USA,25
857,IND,23
858,USA,50
859,IND,24
860,FRA,35
861,IND,18
862,IND,64
863,CHN,20
864,USA,24
865,FRA,50
866,CHN,30
867,IND,42
868,USA,49
869,USA,60
870,GER,31
871,GBR,56
872,GER,19
873,IND,63
874,CHN,55
875,GBR,38
876,GER,41
877,GBR,58
878,GBR,65
879,JPN,64
880,USA,25
881,GER,49
882,GBR,36
883,IND,47
884,JPN,28
885,RUS,63
886,IND,23
887,IND,25
888,USA,60
889,USA,29
890,USA,63
891,JPN,30
892,GER,49
893,FRA,50
894,IND,33
895,USA,55
896,USA,65
897,FRA,47
898,GBR,34
899,JPN,36
900,RUS,40
901,GER,27
902,JPN,30
903,CHN,33
904,CHN,46
905,CHN,47
906,FRA,52
907,RUS,44
908,FRA,48
909,RUS,25
910,GER,32
911,CHN,21
912,GBR,25
913,GER,29
914,FRA,51
915,RUS,48
916,GBR,21
917,JPN,56
918,GER,20
919,RUS,28
920,IND,53
921,GER,27
922,USA,37
923,RUS,61
924,GBR,21
925,FRA,23
926,JPN,65
927,RUS,42
928,CHN,21
929,GBR,52
930,IND,42
931,GER,37
932,USA,35
933,CHN,44
934,FRA,44
935,IND,60
936,GBR,49
937,GBR,53
938,GBR,21
939,RUS,38
940,CHN,56
941,CHN,35
942,GBR,23
943,JPN,45
944,JPN,45
945,GER,64
946,FRA,38
947,GER,24
948,GER,39
949,IND,51
950,JPN,36
951,USA,25
952,GER,51
953,JPN,45
954,JPN,36
955,GER,40
956,RUS,42
957,USA,27
958,CHN,25
959,GER,35
960,IND,64
961,GER,40
962,JPN,34
963,FRA,26
964,IND,47
965,JPN,24
966,RUS,21
967,USA,30
968,RUS,29
969,RUS,39
970,GER,32
971,IND,62
972,USA,28
973,GBR,43
974,FRA,40
975,JPN,65
976,FRA,37
977,RUS,49
978,GBR,51
979,JPN,30
980,JPN,46
981,JPN,18
982,IND,39
983,JPN,39
984,FRA,39
985,IND,65
986,GER,57
987,JPN,56
988,GBR,61
989,IND,22
990,FRA,57
991,FRA,25
992,FRA,36
993,CHN,54
994,JPN,58
995,GBR,24
996,IND,56
997,GER,64
998,JPN,50
999,FRA,62
1000,RUS,19
1001,CHN,21
1002,JPN,53
1003,CHN,26
1004,JPN,21
1005,GER,57
1006,IND,50
1007,USA,56
1008,GER,20
1009,RUS,52
1010,FRA,18
1011,GER,33
1012,IND,45
1013,GBR,43
1014,FRA,54
1015,USA,35
1016,USA,61
1017,GBR,25
1018,RUS,48
1019,FRA,57
1020,IND,20
1021,GBR,51
1022,RUS,60
1023,RUS,30
1024,GER,27
1025,FRA,58
1026,USA,24
1027,IND,61
1028,GER,60
1029,RUS,49
1030,IND,64
1031,USA,25
1032,GER,56
1033,IND,46
1034,GBR,41
1035,GER,34
1036,GBR,33
1037,IND,24
1038,RUS,41
1039,IND,58
1040,CHN,31
1041,JPN,31
1042,GER,18
1043,IND,46
1044,JPN,40
1045,CHN,21
1046,GBR,47
1047,CHN,28
1048,JPN,50
1049,GBR,33
1050,RUS,29
1051,RUS,29
1052,USA,20
1053,FRA,27
1054,IND,36
1055,GER,32
1056,CHN,52
1057,GBR,24
1058,USA,43
1059,RUS,36
1060,GER,45
1061,IND,26
1062,RUS,33
1063,FRA,32
1064,USA,23
1065,GER,39
1066,GBR,36
1067,JPN,65
1068,JPN,31
1069,USA,27
1070,JPN,29
1071,USA,38
1072,RUS,60
1073,FRA,58
1074,FRA,47
1075,FRA,24
1076,GER,55
1077,RUS,26
1078,USA,36
1079,USA,60
1080,USA,58
1081,CHN,65
1082,USA,64
1083,USA,38
1084,GER,64
1085,USA,54
1086,CHN,23
1087,JPN,21
1088,USA,59
1089,GER,38
1090,USA,65
1091,IND,52
1092,GER,24
1093,FRA,64
1094,JPN,40
1095,GBR,43
1096,IND,41
1097,FRA,33
1098,RUS,63
1099,GBR,40
1100,JPN,50
1101,GER,44
1102,RUS,64
1103,FRA,59
1104,IND,18
1105,JPN,51
1106,USA,61
1107,IND,23
1108,CHN,36
1109,RUS,21
1110,CHN,25
1111,JPN,46
1112,CHN,21
1113,IND,19
1114,RUS,49
1115,USA,26
1116,FRA,36
1117,GBR,28
1118,IND,39
1119,FRA,27
1120,RUS,47
1121,IND,23
1122,JPN,24
1123,GBR,61
1124,JPN,30
1125,GER,49
1126,CHN,28
1127,IND,53
1128,USA,60
1129,JPN,42
1130,IND,26
1131,CHN,26
1132,GER,38
1133,GER,50
1134,FRA,19
1135,GBR,62
1136,FRA,40
1137,USA,26
1138,CHN,34
1139,GER,47
1140,USA,61
1141,RUS,29
1142,RUS,37
1143,JPN,39
1144,RUS,61
1145,USA,35
1146,GER,32
1147,JPN,27
1148,JPN,27
1149,IND,58
1150,GBR,47
1151,FRA,47
1152,GBR,20
1153,FRA,38
1154,GBR,65
1155,IND,62
1156,CHN,18
1157,IND,60
1158,IND,49
1159,GER,18
1160,GBR,57
1161,CHN,42
1162,GER,49
1163,GER,29
1164,RUS,27
1165,CHN,41
1166,GER,36
1167,JPN,45
1168,RUS,27
1169,GER,36
1170,IND,43
1171,JPN,57
1172,CHN,34
1173,GER,54
1174,GBR,36
1175,GER,58
1176,GER,58
1177,IND,53
1178,RUS,23
1179,RUS,36
1180,GER,44
1181,JPN,23
1182,GER,44
1183,USA,56
1184,JPN,18
1185,CHN,55
1186,JPN,65
1187,GBR,40
1188,GBR,27
1189,JPN,52
1190,CHN,29
1191,JPN,40
1192,FRA,64
1193,GER,44
1194,IND,37
1195,USA,39
1196,IND,41
1197,JPN,21
1198,FRA,62
1199,IND,56
1200,RUS,23
1201,RUS,52
1202,USA,49
1203,GBR,19
1204,USA,28
1205,GBR,40
1206,GBR,27
1207,GBR,59
1208,JPN,58
1209,USA,62
1210,GER,49
1211,RUS,54
1212,JPN,31
1213,FRA,42
1214,JPN,59
1215,GER,32
1216,FRA,21
1217,USA,65
1218,GER,48
1219,GBR,30
1220,USA,18
1221,IND,28
1222,CHN,20
1223,RUS,58
1224,GBR,29
1225,USA,58
1226,USA,22
1227,GER,58
1228,RUS,62
1229,GER,48
1230,GER,47
1231,JPN,26
1232,GER,43
1233,GBR,51
1234,USA,52
1235,FRA,34
1236,JPN,22
1237,IND,27
1238,RUS,45
1239,JPN,29
1240,FRA,62
1241,RUS,58
1242,IND,29
1243,JPN,37
1244,GER,31
1245,IND,49
1246,JPN,51
1247,RUS,23
1248,RUS,57
1249,IND,57
1250,IND,25
1251,IND,24
1252,USA,28
1253,JPN,22
1254,RUS,40
1255,GBR,21
1256,FRA,22
1257,RUS,45
1258,JPN,56
1259,CHN,21
1260,RUS,29
1261,GER,52
1262,IND,34
1263,IND,64
1264,GER,36
1265,FRA,28
1266,GER,39
1267,GBR,64
1268,JPN,24
1269,GER,36
1270,RUS,29
1271,USA,21
1272,CHN,28
1273,CHN,64
1274,IND,37
1275,IND,24
1276,IND,56
1277,GBR,39
1278,RUS,34
1279,USA,49
1280,IND,55
1281,JPN,48
1282,GER,29
1283,USA,43
1284,JPN,32
1285,RUS,49
1286,IND,18
1287,GBR,34
1288,GER,51
1289,GER,21
1290,USA,55
1291,RUS,31
1292,JPN,27
1293,CHN,57
1294,GBR,56
1295,JPN,55
1296,USA,27
1297,FRA,46
1298,RUS,50
1299,FRA,36
1300,FRA,40
1301,FRA,53
1302,RUS,45
1303,JPN,50
1304,RUS,51
1305,FRA,21
1306,IND,62
1307,USA,36
1308,FRA,24
1309,CHN,51
1310,FRA,34
1311,USA,36
1312,GER,18
1313,JPN,36
1314,IND,62
1315,FRA,50
1316,CHN,45
1317,CHN,62
1318,GER,56
1319,JPN,39
1320,GBR,60
1321,IND,58
1322,USA,50
1323,FRA,33
1324,GBR,63
1325,RUS,51
1326,IND,30
1327,GER,44
1328,FRA,54
1329,GER,65
1330,GER,47
1331,IND,59
1332,FRA,19
1333,IND,57
1334,FRA,65
1335,GER,53
1336,RUS,53
1337,GER,53
1338,USA,64
1339,IND,20
1340,GBR,22
1341,FRA,42
1342,JPN,53
1343,GBR,23
1344,GBR,49
1345,JPN,27
1346,USA,31
1347,RUS,40
1348,GBR,38
1349,JPN,51
1350,USA,60
1351,IND,27
1352,GER,59
1353,IND,53
1354,RUS,25
1355,CHN,21
1356,IND,56
1357,IND,33
1358,USA,52
1359,FRA,38
1360,GER,61
1361,GER,48
1362,FRA,25
1363,JPN,25
1364,USA,23
1365,JPN,63
1366,USA,47
1367,CHN,57
1368,JPN,31
1369,CHN,61
1370,USA,27
1371,RUS,50
1372,JPN,55
1373,USA,25
1374,USA,65
1375,RUS,34
1376,USA,39
1377,RUS,59
1378,RUS,25
1379,JPN,62
1380,RUS,20
1381,JPN,65
1382,IND,57
1383,GBR,20
1384,GER,60
1385,CHN,20
1386,IND,51
1387,RUS,57
1388,IND,33
1389,IND,48
1390,RUS,58
1391,USA,20
1392,RUS,37
1393,RUS,58
1394,GER,21
1395,IND,64
1396,GBR,29
1397,GER,64
1398,JPN,64
1399,GER,19
1400,IND,27
1401,FRA,49
1402,GER,19
1403,USA,26
1404,CHN,24
1405,IND,50
1406,GBR,18
1407,GBR,40
1408,IND,26
1409,GER,51
1410,RUS,51
1411,JPN,48
1412,GBR,40
1413,JPN,30
1414,GBR,47
1415,CHN,30
1416,FRA,40
1417,RUS,43
1418,JPN,58
1419,JPN,59
1420,USA,48
1421,RUS,30
1422,JPN,32
1423,GER,32
1424,IND,28
1425,JPN,45
1426,JPN,23
1427,RUS,47
1428,GBR,54
1429,GBR,60
1430,CHN,37
1431,FRA,23
1432,GBR,52
1433,USA,44
1434,CHN,40
1435,GBR,65
1436,JPN,31
1437,RUS,48
1438,GBR,36
1439,GBR,29
1440,IND,49
1441,USA,25
1442,IND,58
1443,IND,27
1444,JPN,60
1445,RUS,33
1446,IND,39
1447,CHN,59
1448,FRA,32
1449,CHN,33
1450,CHN,27
1451,GER,46
1452,CHN,57
1453,IND,53
1454,JPN,43
1455,JPN,59
1456,FRA,44
1457,GBR,38
1458,USA,58
1459,JPN,45
1460,CHN,49
1461,GER,38
1462,GER,44
1463,CHN,32
1464,RUS,46
1465,GER,49
1466,USA,46
1467,CHN,32
1468,GBR,59
1469,GER,48
1470,RUS,53
1471,JPN,20
1472,FRA,32
1473,GER,59
1474,CHN,19
1475,GER,62
1476,JPN,52
1477,GER,48
1478,RUS,53
1479,JPN,60
1480,FRA,21
1481,GER,57
1482,USA,30
1483,CHN,29
1484,FRA,18
1485,FRA,20
1486,IND,21
1487,USA,45
1488,CHN,55
1489,FRA,53
1490,FRA,24
1491,GBR,18
1492,GER,56
1493,GBR,55
1494,RUS,45
1495,GBR,34
1496,GBR,38
1497,JPN,50
1498,GBR,49
1499,CHN,60
1500,GER,28
1501,CHN,36
1502,GBR,44
1503,GER,50
1504,IND,57
1505,CHN,44
1506,FRA,29
1507,RUS,31
1508,GBR,48
1509,CHN,39
1510,USA,28
1511,FRA,37
1512,FRA,63
1513,IND,62
1514,GBR,37
1515,USA,26
1516,IND,43
1517,GBR,19
1518,USA,28
1519,FRA,56
1520,IND,63
1521,FRA,42
1522,RUS,37
1523,GER,63
1524,JPN,21
1525,GER,54
1526,GER,55
1527,JPN,51
1528,JPN,47
1529,RUS,19
1530,RUS,20
1531,RUS,59
1532,GBR,40
1533,USA,28
1534,CHN,18
1535,USA,50
1536,RUS,19
1537,CHN,62
1538,RUS,32
1539,JPN,44
1540,JPN,43
1541,JPN,38
1542,CHN,34
1543,JPN,18
1544,RUS,64
1545,RUS,55
1546,GBR,62
1547,USA,35
1548,CHN,25
1549,JPN,44
1550,GER,19
1551,GBR,61
1552,GBR,33
1553,IND,20
1554,GER,26
1555,FRA,48
1556,GBR,19
1557,USA,45
1558,RUS,31
1559,GER,41
1560,IND,32
1561,CHN,18
1562,IND,27
1563,RUS,59
1564,JPN,38
1565,JPN,57
1566,JPN,35
1567,IND,31
1568,FRA,55
1569,JPN,60
1570,USA,30
1571,IND,54
1572,RUS,19
1573,FRA,29
1574,RUS,33
1575,USA,26
1576,IND,49
1577,GBR,40
1578,IND,27
1579,USA,32
1580,GER,25
1581,RUS,42
1582,RUS,53
1583,GBR,36
1584,USA,32
1585,JPN,48
1586,CHN,37
1587,GBR,47
1588,GER,47
1589,USA,26
1590,IND,18
1591,FRA,51
1592,CHN,64
1593,GBR,61
1594,GBR,60
1595,GBR,41
1596,IND,50
1597,CHN,23
1598,GBR,58
1599,IND,44
1600,USA,41
1601,USA,38
1602,GBR,43
1603,IND,24
1604,CHN,23
1605,GBR,58
1606,IND,39
1607,CHN,23
1608,FRA,60
1609,JPN,63
1610,USA,31
1611,CHN,47
1612,GBR,37
1613,IND,62
1614,GER,28
1615,IND,19
1616,IND,38
1617,FRA,21
1618,USA,64
1619,JPN,61
1620,JPN,27
1621,CHN,50
1622,GER,18
1623,GBR,28
1624,IND,26
1625,GER,24
1626,USA,27
1627,IND,43
1628,FRA,47
1629,USA,39
1630,IND,61
1631,USA,52
1632,FRA,38
1633,RUS,29
1634,RUS,49
1635,GBR,32
1636,FRA,30
1637,GBR,62
1638,RUS,40
1639,RUS,28
1640,USA,61
1641,IND,59
1642,CHN,43
1643,GER,63
1644,FRA,31
1645,GER,25
1646,FRA,50
1647,IND,49
1648,USA,60
1649,RUS,42
1650,IND,45
1651,IND,38
1652,RUS,58
1653,IND,34
1654,CHN,59
1655,GBR,41
1656,FRA,25
1657,RUS,56
1658,CHN,39
1659,CHN,37
1660,GER,31
1661,CHN,38
1662,RUS,44
1663,RUS,27
1664,IND,20
1665,JPN,45
1666,FRA,52
1667,FRA,38
1668,USA,52
1669,GBR,46
1670,RUS,27
1671,USA,63
1672,IND,42
1673,CHN,37
1674,GBR,56
1675,FRA,30
1676,GBR,48
1677,JPN,23
1678,RUS,60
1679,CHN,25
1680,USA,23
1681,JPN,59
1682,JPN,54
1683,FRA,65
1684,GBR,65
1685,RUS,53
1686,JPN,31
1687,USA,29
1688,GER,44
1689,GBR,30
1690,JPN,32
1691,RUS,24
1692,USA,49
1693,GBR,35
1694,GER,24
1695,CHN,18
1696,JPN,48
1697,JPN,22
1698,USA,47
1699,FRA,47
1700,USA,60
1701,USA,60
1702,USA,41
1703,JPN,62
1704,IND,27
1705,CHN,51
1706,JPN,53
1707,GER,19
1708,GER,60
1709,JPN,39
1710,RUS,31
1711,JPN,58
1712,GBR,38
1713,RUS,40
1714,IND,59
1715,RUS,28
1716,USA,52
1717,GER,63
1718,USA,55
1719,GER,64
1720,GBR,32
1721,FRA,42
1722,GER,22
1723,FRA,35
1724,JPN,50
1725,IND,45
1726,IND,43
1727,IND,21
1728,RUS,61
1729,RUS,46
1730,USA,30
1731,USA,29
1732,RUS,25
1733,CHN,37
1734,IND,48
1735,USA,34
1736,JPN,25
1737,USA,45
1738,IND,62
1739,GBR,28
1740,IND,36
1741,FRA,65
1742,IND,53
1743,USA,22
1744,USA,42
1745,IND,48
1746,IND,42
1747,GER,39
1748,RUS,44
1749,IND,41
1750,GER,18
1751,JPN,58
1752,CHN,49
1753,RUS,19
1754,GBR,25
1755,JPN,52
1756,GER,55
1757,GER,28
1758,USA,18
1759,FRA,65
1760,RUS,53
1761,CHN,18
1762,GBR,47
1763,CHN,60
1764,IND,38
1765,FRA,52
1766,FRA,58
1767,GBR,56
1768,JPN,41
1769,GER,20
1770,USA,31
1771,IND,58
1772,FRA,38
1773,JPN,38
1774,FRA,27
1775,JPN,63
1776,IND,32
1777,RUS,19
1778,CHN,58
1779,FRA,40
1780,RUS,19
1781,RUS,42
1782,GER,37
1783,IND,48
1784,USA,40
1785,GBR,39
1786,CHN,59
1787,FRA,23
1788,USA,22
1789,USA,41
1790,CHN,24
1791,CHN,19
1792,USA,62
1793,GER,42
1794,JPN,35
1795,USA,32
1796,CHN,53
1797,GBR,39
1798,GBR,48
1799,JPN,52
1800,GER,39
1801,FRA,37
1802,CHN,34
1803,GER,24
1804,IND,51
1805,IND,61
1806,CHN,60
1807,FRA,25
1808,CHN,46
1809,GER,62
1810,GBR,21
1811,IND,57
1812,GBR,18
1813,GER,36
1814,FRA,31
1815,FRA,21
1816,CHN,41
1817,USA,58
1818,IND,27
1819,USA,45
1820,RUS,23
1821,FRA,32
1822,JPN,35
1823,GER,45
1824,JPN,65
1825,RUS,58
1826,JPN,43
1827,JPN,31
1828,GER,44
1829,JPN,26
1830,FRA,64
1831,CHN,18
1832,USA,61
1833,JPN,46
1834,GER,37
1835,CHN,56
1836,JPN,61
1837,GBR,19
1838,FRA,54
1839,IND,55
1840,JPN,20
1841,GBR,25
1842,GBR,24
1843,IND,34
1844,USA,64
1845,GER,19
1846,IND,48
1847,JPN,50
1848,RUS,20
1849,GBR,44
1850,RUS,62
1851,GBR,56
1852,FRA,48
1853,CHN,60
1854,RUS,30
1855,RUS,42
1856,GBR,39
1857,JPN,24
1858,RUS,44
1859,GBR,33
1860,CHN,33
1861,GER,50
1862,GBR,54
1863,GBR,54
1864,USA,46
1865,GBR,50
1866,FRA,19
1867,RUS,42
1868,CHN,63
1869,CHN,56
1870,FRA,42
1871,IND,49
1872,USA,58
1873,FRA,55
1874,JPN,60
1875,FRA,45
1876,GER,38
1877,CHN,37
1878,JPN,58
1879,FRA,21
1880,GER,42
1881,GER,37
1882,GBR,57
1883,USA,25
1884,JPN,27
1885,GER,41
1886,CHN,63
1887,USA,26
1888,RUS,46
1889,GER,37
1890,GBR,35
1891,CHN,49
1892,IND,54
1893,FRA,32
1894,GER,51
1895,FRA,20
1896,IND,20
1897,FRA,19
1898,GBR,26
1899,RUS,45
1900,CHN,50
1901,GBR,37
1902,FRA,24
1903,USA,40
1904,GBR,63
1905,RUS,62
1906,IND,37
1907,CHN,50
1908,GBR,22
1909,GBR,58
1910,FRA,43
1911,JPN,64
1912,GER,36
1913,CHN,56
1914,CHN,20
1915,FRA,23
1916,RUS,24
1917,GER,33
1918,RUS,50
1919,FRA,65
1920,CHN,27
1921,USA,19
1922,FRA,58
1923,GBR,19
1924,IND,29
1925,GBR,65
1926,CHN,43
1927,FRA,26
1928,IND,20
1929,JPN,28
1930,IND,53
1931,CHN,19
1932,GBR,32
1933,GER,53
1934,IND,62
1935,GER,59
1936,USA,61
1937,CHN,49
1938,RUS,19
1939,JPN,56
1940,RUS,63
1941,GBR,50
1942,USA,60
1943,FRA,65
1944,JPN,55
1945,IND,51
1946,USA,23
1947,GBR,63
1948,USA,63
1949,GBR,18
1950,GER,21
1951,FRA,63
1952,GBR,38
1953,FRA,47
1954,IND,63
1955,CHN,21
1956,FRA,62
1957,IND,45
1958,IND,19
1959,IND,42
1960,JPN,22
1961,IND,27
1962,GBR,59
1963,FRA,55
1964,RUS,42
1965,FRA,58
1966,FRA,28
1967,JPN,31
1968,RUS,45
1969,GBR,33
1970,IND,18
1971,IND,20
1972,USA,37
1973,RUS,61
1974,JPN,25
1975,FRA,20
1976,FRA,26
1977,JPN,30
1978,CHN,39
1979,JPN,59
1980,GBR,56
1981,RUS,26
1982,USA,25
1983,GBR,33
1984,USA,39
1985,GBR,24
1986,JPN,34
1987,FRA,55
1988,JPN,20
1989,CHN,41
1990,USA,32
1991,FRA,63
1992,FRA,18
1993,GBR,61
1994,CHN,30
1995,IND,64
1996,FRA,48
1997,JPN,36
1998,FRA,36
1999,IND,32
2000,RUS,39
2001,GER,55
2002,USA,19
2003,FRA,49
2004,JPN,18
2005,JPN,43
2006,GBR,29
2007,GER,64
2008,FRA,18
2009,IND,65
2010,CHN,51
2011,CHN,26
2012,RUS,41
2013,IND,33
2014,RUS,25
2015,GER,51
2016,IND,29
2017,FRA,50
2018,FRA,35
2019,USA,27
2020,FRA,50
2021,GER,47
2022,IND,42
2023,JPN,63
2024,IND,63
2025,GBR,22
2026,IND,41
2027,USA,59
2028,FRA,31
2029,CHN,56
2030,JPN,39
2031,CHN,57
2032,GER,25
2033,FRA,18
2034,USA,50
2035,GBR,50
2036,CHN,32
2037,IND,50
2038,USA,21
2039,JPN,60
2040,GBR,54
2041,IND,29
2042,GBR,35
2043,USA,46
2044,CHN,65
2045,GBR,29
2046,GBR,64
2047,GBR,45
2048,FRA,39
2049,GBR,53
2050,FRA,62
2051,IND,63
2052,IND,30
2053,JPN,46
2054,RUS,32
2055,GER,53
2056,GBR,52
2057,IND,26
2058,GER,33
2059,IND,46
2060,USA,38
